timeStamp,elapsed,label,responseCode,success,failureMessage,bytes,sentBytes,grpThreads,allThreads,Latency,IdleTime,Connect
1762084800000,392,/api/subscriptions,200,true,,1317,584,5,11,296,0,28
1762084801000,238,/api/subscriptions,200,true,,1172,496,1,17,127,0,42
1762084801000,1108,/api/subscriptions,400,false,HTTP error,482,494,3,12,688,0,122
1762084801000,821,/api/subscriptions,400,false,HTTP error,1226,425,1,12,460,0,51
1762084802000,419,/api/subscriptions,200,true,,894,612,5,7,224,0,41
1762084802000,549,/api/subscriptions,201,true,,1487,397,9,14,439,0,83
1762084803000,851,/api/subscriptions,200,true,,1113,480,9,9,724,0,66
1762084803000,1086,/api/subscriptions,400,false,HTTP error,862,297,8,6,901,0,156
1762084803000,833,/api/subscriptions,200,true,,895,579,1,8,448,0,149
1762084804000,1005,/api/subscriptions,400,false,HTTP error,1237,383,4,6,847,0,91
1762084805000,257,/api/subscriptions,200,true,,873,632,6,16,163,0,44
1762084806000,1420,/api/subscriptions,400,false,HTTP error,773,246,9,8,1156,0,268
1762084806000,487,/api/subscriptions,200,true,,1161,323,7,15,359,0,31
1762084807000,852,/api/subscriptions,200,true,,853,573,6,14,633,0,52
1762084808000,599,/api/subscriptions,200,true,,523,582,6,7,329,0,40
1762084809000,691,/api/subscriptions,200,true,,614,581,3,19,615,0,44
1762084810000,934,/api/subscriptions,404,false,HTTP error,718,693,7,19,583,0,58
1762084811000,413,/api/subscriptions,200,true,,1018,457,7,11,342,0,73
1762084811000,615,/api/subscriptions,200,true,,1463,441,1,5,440,0,70
1762084812000,233,/api/subscriptions,200,true,,413,381,1,9,170,0,24
1762084812000,1319,/api/subscriptions,400,false,HTTP error,413,166,10,18,929,0,247
1762084813000,258,/api/subscriptions,200,true,,1176,518,7,9,134,0,30
1762084813000,162,/api/subscriptions,200,true,,702,279,9,12,136,0,30
1762084814000,843,/api/subscriptions,200,true,,923,654,6,9,443,0,130
1762084815000,766,/api/subscriptions,200,true,,607,670,9,20,560,0,96
1762084815000,283,/api/subscriptions,200,true,,879,295,5,6,167,0,15
1762084816000,310,/api/subscriptions,200,true,,618,297,10,5,221,0,15
1762084816000,541,/api/subscriptions,201,true,,1030,540,7,8,340,0,76
1762084817000,360,/api/subscriptions,201,true,,654,473,6,11,310,0,62
1762084817000,111,/api/subscriptions,200,true,,1266,176,5,14,67,0,7
1762084817000,1218,/api/subscriptions,500,false,HTTP error,1379,304,7,5,1034,0,105
1762084818000,438,/api/subscriptions,200,true,,1189,601,10,13,250,0,52
1762084818000,135,/api/subscriptions,200,true,,1327,512,1,11,97,0,17
1762084819000,786,/api/subscriptions,200,true,,882,422,2,7,422,0,74
1762084819000,848,/api/subscriptions,500,false,HTTP error,1007,327,9,11,440,0,101
1762084820000,1375,/api/subscriptions,500,false,HTTP error,609,692,1,7,1224,0,137
1762084820000,216,/api/subscriptions,201,true,,901,299,5,8,182,0,25
1762084821000,1056,/api/subscriptions,400,false,HTTP error,866,495,5,8,634,0,59
1762084821000,468,/api/subscriptions,200,true,,509,602,1,6,420,0,50
1762084822000,676,/api/subscriptions,200,true,,505,604,3,13,589,0,48
1762084823000,278,/api/subscriptions,200,true,,483,621,8,9,237,0,32
1762084823000,303,/api/subscriptions,200,true,,1408,162,2,10,217,0,39
1762084824000,655,/api/subscriptions,200,true,,817,217,7,20,448,0,88
1762084824000,769,/api/subscriptions,200,true,,975,690,2,14,622,0,130
1762084825000,836,/api/subscriptions,500,false,HTTP error,846,695,5,13,686,0,120
1762084826000,168,/api/subscriptions,200,true,,1218,174,7,11,127,0,10
1762084826000,410,/api/subscriptions,200,true,,1172,200,7,13,351,0,71
1762084827000,872,/api/subscriptions,400,false,HTTP error,616,157,6,8,704,0,46
1762084827000,701,/api/subscriptions,200,true,,1206,410,9,13,524,0,100
1762084828000,987,/api/subscriptions,404,false,HTTP error,452,673,8,7,775,0,120
1762084828000,991,/api/subscriptions,400,false,HTTP error,1371,383,9,8,601,0,173
1762084828000,773,/api/subscriptions,201,true,,1137,349,2,8,414,0,70
1762084829000,103,/api/subscriptions,200,true,,686,270,1,19,71,0,9
1762084830000,985,/api/subscriptions,404,false,HTTP error,712,296,5,15,726,0,54
1762084830000,655,/api/subscriptions,200,true,,1369,171,7,13,367,0,87
1762084830000,753,/api/subscriptions,200,true,,580,222,8,9,616,0,106
1762084831000,1398,/api/subscriptions,400,false,HTTP error,1126,419,3,8,1225,0,248
1762084832000,890,/api/subscriptions,200,true,,1077,675,3,13,712,0,140
1762084832000,1201,/api/subscriptions,400,false,HTTP error,665,378,1,5,709,0,175
1762084833000,605,/api/subscriptions,200,true,,442,263,7,20,419,0,37
1762084834000,716,/api/subscriptions,200,true,,1468,279,7,5,642,0,36
1762084834000,142,/api/subscriptions,200,true,,1304,464,10,19,111,0,27
1762084834000,867,/api/subscriptions,400,false,HTTP error,1049,617,9,20,622,0,148
1762084835000,1074,/api/subscriptions,400,false,HTTP error,602,674,2,19,610,0,103
1762084835000,860,/api/subscriptions,200,true,,943,267,3,8,501,0,158
1762084835000,1463,/api/subscriptions,404,false,HTTP error,619,449,7,19,851,0,281
1762084836000,224,/api/subscriptions,200,true,,1230,565,3,20,143,0,39
1762084837000,336,/api/subscriptions,200,true,,792,695,2,16,211,0,41
1762084837000,1194,/api/subscriptions,400,false,HTTP error,855,627,10,7,988,0,145
1762084837000,399,/api/subscriptions,201,true,,1159,394,8,18,248,0,79
1762084838000,226,/api/subscriptions,201,true,,810,199,7,14,181,0,33
1762084838000,818,/api/subscriptions,200,true,,867,612,8,10,565,0,82
1762084838000,820,/api/subscriptions,200,true,,897,617,6,15,687,0,163
1762084839000,409,/api/subscriptions,200,true,,407,286,2,14,289,0,32
1762084840000,378,/api/subscriptions,200,true,,639,462,6,9,329,0,42
1762084840000,576,/api/subscriptions,200,true,,889,366,9,20,404,0,55
1762084840000,822,/api/subscriptions,200,true,,1269,483,6,5,561,0,105
1762084841000,131,/api/subscriptions,201,true,,1478,597,9,9,84,0,25
1762084841000,718,/api/subscriptions,200,true,,1283,672,8,14,404,0,61
1762084842000,152,/api/subscriptions,200,true,,540,544,9,8,96,0,18
1762084842000,247,/api/subscriptions,200,true,,1305,695,8,9,171,0,27
1762084843000,640,/api/subscriptions,200,true,,685,238,1,15,486,0,75
1762084844000,892,/api/subscriptions,200,true,,1204,333,3,11,666,0,63
1762084844000,1246,/api/subscriptions,400,false,HTTP error,1034,531,1,16,722,0,185
1762084844000,780,/api/subscriptions,200,true,,1088,542,8,16,578,0,56
1762084845000,595,/api/subscriptions,200,true,,831,411,2,19,345,0,86
1762084845000,620,/api/subscriptions,200,true,,889,690,7,16,318,0,47
1762084845000,776,/api/subscriptions,200,true,,1239,297,2,20,402,0,85
1762084846000,796,/api/subscriptions,200,true,,1331,378,5,13,544,0,119
1762084846000,348,/api/subscriptions,200,true,,1302,168,4,18,251,0,45
1762084847000,319,/api/subscriptions,200,true,,1420,165,10,6,231,0,56
1762084847000,808,/api/subscriptions,500,false,HTTP error,1279,187,3,7,658,0,79
1762084847000,892,/api/subscriptions,500,false,HTTP error,1170,196,2,12,518,0,108
1762084848000,269,/api/subscriptions,200,true,,507,691,8,7,230,0,40
1762084849000,142,/api/subscriptions,200,true,,651,300,2,19,80,0,10
1762084850000,638,/api/subscriptions,200,true,,678,522,5,7,449,0,100
1762084850000,187,/api/subscriptions,200,true,,1421,539,7,20,166,0,11
1762084850000,580,/api/subscriptions,200,true,,1076,633,10,6,327,0,62
1762084851000,784,/api/subscriptions,200,true,,997,580,4,5,443,0,104
1762084852000,899,/api/subscriptions,200,true,,554,357,7,12,568,0,157
1762084852000,703,/api/subscriptions,200,true,,537,367,7,15,591,0,107
1762084852000,224,/api/subscriptions,200,true,,439,153,8,18,140,0,27
1762084853000,858,/api/subscriptions,200,true,,506,544,2,11,741,0,151
1762084854000,230,/api/subscriptions,200,true,,696,571,7,18,144,0,28
1762084854000,720,/api/subscriptions,200,true,,1450,202,3,10,615,0,43
1762084855000,890,/api/subscriptions,200,true,,947,474,6,7,452,0,79
1762084855000,643,/api/subscriptions,200,true,,572,240,2,10,438,0,127
1762084855000,1256,/api/subscriptions,500,false,HTTP error,1109,505,1,7,1017,0,114
1762084856000,156,/api/subscriptions,200,true,,1367,464,5,20,126,0,26
1762084857000,283,/api/subscriptions,201,true,,1052,236,2,18,238,0,50
1762084858000,465,/api/subscriptions,200,true,,766,239,9,17,326,0,56
1762084859000,320,/api/subscriptions,200,true,,634,453,8,7,185,0,25
1762084859000,102,/api/subscriptions,200,true,,426,545,7,7,63,0,6
1762084859000,517,/api/subscriptions,200,true,,1156,696,1,17,281,0,52
1762084860000,259,/api/subscriptions,200,true,,501,523,7,18,213,0,35
1762084860000,771,/api/subscriptions,201,true,,1372,162,7,8,519,0,107
1762084861000,293,/api/subscriptions,200,true,,979,211,8,8,253,0,26
1762084862000,580,/api/subscriptions,200,true,,468,421,3,20,365,0,40
1762084863000,776,/api/subscriptions,200,true,,484,645,1,10,510,0,145
1762084863000,129,/api/subscriptions,200,true,,1146,337,8,16,108,0,20
1762084864000,689,/api/subscriptions,201,true,,1401,528,1,5,427,0,114
1762084864000,324,/api/subscriptions,200,true,,1381,561,9,7,165,0,63
1762084865000,867,/api/subscriptions,200,true,,494,158,4,16,557,0,72
1762084866000,441,/api/subscriptions,200,true,,1203,268,4,10,280,0,40
1762084866000,796,/api/subscriptions,200,true,,432,220,3,7,485,0,123
1762084867000,797,/api/subscriptions,200,true,,1067,399,8,16,548,0,41
1762084868000,678,/api/subscriptions,200,true,,1015,222,1,7,395,0,45
1762084868000,445,/api/subscriptions,200,true,,900,665,9,18,293,0,22
1762084869000,527,/api/subscriptions,200,true,,827,662,4,16,415,0,83
1762084870000,617,/api/subscriptions,201,true,,699,235,10,19,507,0,98
1762084870000,495,/api/subscriptions,200,true,,1378,525,4,14,386,0,57
1762084871000,664,/api/subscriptions,200,true,,1207,489,9,18,530,0,130
1762084871000,710,/api/subscriptions,200,true,,411,297,1,11,465,0,92
1762084872000,486,/api/subscriptions,201,true,,895,469,4,18,270,0,63
1762084872000,349,/api/subscriptions,200,true,,996,229,3,9,210,0,23
1762084872000,700,/api/subscriptions,200,true,,1433,247,6,16,627,0,53
1762084873000,161,/api/subscriptions,200,true,,806,270,2,18,133,0,21
1762084874000,504,/api/subscriptions,200,true,,1206,499,8,17,356,0,100
1762084874000,659,/api/subscriptions,200,true,,730,650,10,5,334,0,43
1762084874000,809,/api/subscriptions,200,true,,1079,288,9,16,464,0,150
1762084875000,860,/api/subscriptions,404,false,HTTP error,799,321,6,14,544,0,63
1762084875000,848,/api/subscriptions,200,true,,953,210,6,18,441,0,137
1762084876000,367,/api/subscriptions,200,true,,548,502,8,10,216,0,38
1762084877000,551,/api/subscriptions,200,true,,1005,280,3,13,281,0,77
1762084877000,327,/api/subscriptions,200,true,,1114,660,7,17,250,0,24
1762084877000,238,/api/subscriptions,200,true,,1043,585,5,14,196,0,25
1762084878000,307,/api/subscriptions,200,true,,1094,282,10,16,246,0,51
1762084878000,1172,/api/subscriptions,404,false,HTTP error,847,304,3,5,815,0,121
1762084878000,521,/api/subscriptions,200,true,,504,294,9,6,377,0,65
1762084879000,445,/api/subscriptions,200,true,,405,690,2,5,274,0,60
1762084880000,229,/api/subscriptions,200,true,,1397,628,9,9,172,0,22
1762084880000,365,/api/subscriptions,200,true,,1085,270,6,12,304,0,61
1762084881000,495,/api/subscriptions,201,true,,1226,183,9,14,416,0,69
1762084882000,394,/api/subscriptions,200,true,,1074,446,10,19,287,0,42
1762084883000,539,/api/subscriptions,200,true,,1080,597,10,17,402,0,93
1762084883000,1164,/api/subscriptions,404,false,HTTP error,966,422,9,16,790,0,146
1762084884000,370,/api/subscriptions,200,true,,879,608,2,19,301,0,34
1762084884000,316,/api/subscriptions,200,true,,1182,445,10,17,172,0,15
1762084884000,641,/api/subscriptions,201,true,,931,483,10,18,509,0,55
1762084885000,412,/api/subscriptions,200,true,,856,552,1,13,283,0,81
1762084886000,442,/api/subscriptions,200,true,,1499,345,4,17,303,0,47
1762084886000,339,/api/subscriptions,200,true,,1337,487,6,19,296,0,54
1762084886000,115,/api/subscriptions,201,true,,417,330,2,11,99,0,13
1762084887000,1027,/api/subscriptions,500,false,HTTP error,1478,200,2,17,877,0,133
1762084887000,211,/api/subscriptions,200,true,,1107,198,9,16,140,0,33
1762084888000,477,/api/subscriptions,200,true,,1132,305,2,7,367,0,70
1762084888000,884,/api/subscriptions,201,true,,944,600,4,13,485,0,107
1762084889000,255,/api/subscriptions,200,true,,1273,331,7,12,149,0,43
1762084889000,446,/api/subscriptions,200,true,,1066,418,4,5,397,0,27
1762084890000,861,/api/subscriptions,200,true,,1206,426,5,15,480,0,94
1762084891000,604,/api/subscriptions,200,true,,890,656,5,5,497,0,66
1762084891000,843,/api/subscriptions,404,false,HTTP error,1435,482,5,18,609,0,100
1762084891000,1415,/api/subscriptions,400,false,HTTP error,1267,355,3,7,852,0,262
1762084892000,110,/api/subscriptions,200,true,,1468,330,6,16,64,0,15
1762084892000,443,/api/subscriptions,200,true,,498,536,6,10,374,0,32
1762084892000,945,/api/subscriptions,400,false,HTTP error,926,398,4,7,577,0,126
1762084893000,605,/api/subscriptions,200,true,,1140,423,6,15,418,0,97
1762084893000,843,/api/subscriptions,404,false,HTTP error,477,315,5,12,505,0,146
1762084894000,585,/api/subscriptions,200,true,,1476,230,6,7,460,0,42
1762084894000,371,/api/subscriptions,200,true,,1096,554,5,19,282,0,55
1762084895000,351,/api/subscriptions,200,true,,1364,547,3,17,259,0,37
1762084895000,379,/api/subscriptions,200,true,,1299,669,6,13,281,0,38
1762084896000,739,/api/subscriptions,200,true,,1340,677,2,12,581,0,46
1762084897000,818,/api/subscriptions,400,false,HTTP error,676,699,5,13,539,0,137
1762084898000,809,/api/subscriptions,400,false,HTTP error,608,482,4,19,614,0,127
1762084898000,435,/api/subscriptions,200,true,,908,658,3,8,357,0,81
1762084899000,313,/api/subscriptions,200,true,,609,342,2,10,230,0,30
1762084899000,276,/api/subscriptions,200,true,,767,448,2,13,140,0,42
1762084900000,977,/api/subscriptions,400,false,HTTP error,1213,513,9,11,691,0,57
1762084900000,705,/api/subscriptions,201,true,,977,280,9,15,423,0,133
1762084901000,1235,/api/subscriptions,500,false,HTTP error,1007,351,8,15,909,0,178
1762084901000,184,/api/subscriptions,200,true,,959,482,9,8,111,0,15
1762084901000,507,/api/subscriptions,200,true,,587,454,6,16,409,0,58
1762084902000,556,/api/subscriptions,201,true,,909,390,10,13,408,0,88
1762084902000,1164,/api/subscriptions,400,false,HTTP error,883,657,7,13,1044,0,133
1762084902000,791,/api/subscriptions,200,true,,526,472,6,17,662,0,55
1762084903000,704,/api/subscriptions,200,true,,759,156,2,12,564,0,125
1762084904000,454,/api/subscriptions,200,true,,956,293,6,11,253,0,34
1762084904000,970,/api/subscriptions,500,false,HTTP error,975,440,10,19,531,0,52
1762084905000,1488,/api/subscriptions,400,false,HTTP error,1149,410,6,10,1216,0,214
1762084905000,865,/api/subscriptions,201,true,,491,197,4,12,641,0,122
1762084905000,523,/api/subscriptions,200,true,,1208,352,5,13,378,0,99
1762084906000,248,/api/subscriptions,200,true,,576,429,2,12,146,0,26
1762084906000,1161,/api/subscriptions,404,false,HTTP error,1143,426,6,6,855,0,67
1762084907000,1320,/api/subscriptions,400,false,HTTP error,1280,546,9,6,735,0,135
1762084908000,1337,/api/subscriptions,500,false,HTTP error,778,343,6,9,1039,0,108
1762084908000,424,/api/subscriptions,200,true,,1062,286,1,18,320,0,72
1762084908000,813,/api/subscriptions,400,false,HTTP error,1175,455,8,7,506,0,50
1762084909000,452,/api/subscriptions,200,true,,717,192,9,6,309,0,35
1762084909000,618,/api/subscriptions,200,true,,861,524,5,17,417,0,50
1762084910000,692,/api/subscriptions,201,true,,1325,301,8,16,523,0,72
1762084910000,190,/api/subscriptions,201,true,,443,171,3,13,100,0,10
1762084911000,811,/api/subscriptions,200,true,,1157,498,2,16,570,0,83
1762084911000,876,/api/subscriptions,200,true,,801,297,2,14,724,0,114
1762084912000,200,/api/subscriptions,200,true,,855,681,9,18,105,0,20
1762084912000,1407,/api/subscriptions,400,false,HTTP error,893,257,2,15,931,0,93
1762084913000,939,/api/subscriptions,404,false,HTTP error,1414,295,10,7,710,0,160
1762084913000,152,/api/subscriptions,200,true,,1318,370,3,14,83,0,21
1762084914000,886,/api/subscriptions,200,true,,885,531,9,8,513,0,120
1762084914000,610,/api/subscriptions,200,true,,1434,630,7,12,409,0,93
1762084915000,383,/api/subscriptions,200,true,,1095,478,9,16,267,0,62
1762084915000,327,/api/subscriptions,200,true,,1317,398,4,8,276,0,60
1762084916000,1281,/api/subscriptions,400,false,HTTP error,710,382,1,12,1056,0,162
1762084917000,131,/api/subscriptions,200,true,,1108,282,9,20,92,0,14
1762084917000,900,/api/subscriptions,400,false,HTTP error,1175,203,8,10,451,0,145
1762084917000,888,/api/subscriptions,200,true,,1389,214,7,9,550,0,165
1762084918000,1051,/api/subscriptions,500,false,HTTP error,1219,587,7,9,661,0,186
1762084918000,1010,/api/subscriptions,400,false,HTTP error,1115,644,9,20,776,0,63
1762084918000,954,/api/subscriptions,404,false,HTTP error,610,357,4,17,556,0,141
1762084919000,842,/api/subscriptions,200,true,,1282,417,6,11,545,0,95
1762084919000,1382,/api/subscriptions,500,false,HTTP error,1060,493,7,20,924,0,200
1762084919000,250,/api/subscriptions,200,true,,1258,297,5,10,177,0,28
1762084920000,1476,/api/subscriptions,503,false,Service unavailable,766,473,8,10,1186,0,219
1762084920000,1332,/api/subscriptions,504,false,Service unavailable,1458,310,3,17,1056,0,82
1762084921000,1341,/api/subscriptions,504,false,Service unavailable,1082,663,7,20,1089,0,251
1762084921000,1262,/api/subscriptions,500,false,Service unavailable,1115,637,5,17,787,0,130
1762084922000,855,/api/subscriptions,500,false,Service unavailable,839,511,10,12,533,0,75
1762084923000,891,/api/subscriptions,500,false,Service unavailable,1163,202,8,19,483,0,171
1762084923000,1497,/api/subscriptions,500,false,Service unavailable,520,221,6,5,1252,0,224
1762084923000,1201,/api/subscriptions,503,false,Service unavailable,1035,156,8,7,603,0,189
1762084924000,918,/api/subscriptions,504,false,Service unavailable,699,311,8,9,683,0,144
1762084924000,1030,/api/subscriptions,500,false,Service unavailable,1234,466,6,8,660,0,178
1762084924000,1164,/api/subscriptions,504,false,Service unavailable,663,203,9,15,654,0,99
1762084925000,1070,/api/subscriptions,503,false,Service unavailable,1072,420,6,14,854,0,192
1762084925000,971,/api/subscriptions,500,false,Service unavailable,610,238,9,18,701,0,121
1762084925000,800,/api/subscriptions,504,false,Service unavailable,1044,199,2,12,688,0,67
1762084926000,1488,/api/subscriptions,504,false,Service unavailable,1078,625,5,20,1315,0,79
1762084926000,906,/api/subscriptions,503,false,Service unavailable,422,560,8,10,721,0,78
1762084926000,1347,/api/subscriptions,504,false,Service unavailable,979,502,5,20,1197,0,258
1762084927000,1445,/api/subscriptions,503,false,Service unavailable,923,644,7,11,1216,0,273
1762084928000,1039,/api/subscriptions,500,false,Service unavailable,718,594,7,10,717,0,100
1762084929000,1029,/api/subscriptions,503,false,Service unavailable,710,212,5,16,910,0,99
1762084930000,1057,/api/subscriptions,500,false,Service unavailable,534,692,4,8,613,0,188
1762084930000,1109,/api/subscriptions,500,false,Service unavailable,1019,350,8,16,573,0,148
1762084931000,1092,/api/subscriptions,504,false,Service unavailable,735,350,4,19,755,0,107
1762084932000,868,/api/subscriptions,500,false,Service unavailable,1168,438,7,17,529,0,71
1762084932000,1300,/api/subscriptions,500,false,Service unavailable,1456,405,7,11,1064,0,190
1762084932000,1261,/api/subscriptions,503,false,Service unavailable,577,678,7,19,1053,0,182
1762084933000,1388,/api/subscriptions,503,false,Service unavailable,1008,353,2,14,765,0,88
1762084933000,1350,/api/subscriptions,504,false,Service unavailable,1441,319,6,17,748,0,204
1762084933000,1121,/api/subscriptions,503,false,Service unavailable,478,520,8,15,731,0,207
1762084934000,849,/api/subscriptions,504,false,Service unavailable,1171,209,3,10,614,0,156
1762084934000,963,/api/subscriptions,504,false,Service unavailable,604,624,5,18,786,0,58
1762084934000,1336,/api/subscriptions,504,false,Service unavailable,1307,540,6,12,1184,0,85
1762084935000,1217,/api/subscriptions,500,false,Service unavailable,1387,615,3,20,796,0,234
1762084936000,1112,/api/subscriptions,503,false,Service unavailable,781,598,8,11,562,0,201
1762084936000,1379,/api/subscriptions,503,false,Service unavailable,533,440,8,10,1166,0,123
1762084937000,973,/api/subscriptions,500,false,Service unavailable,1392,247,6,14,746,0,168
1762084937000,1104,/api/subscriptions,503,false,Service unavailable,1074,621,8,7,847,0,120
1762084938000,917,/api/subscriptions,503,false,Service unavailable,842,259,5,16,519,0,164
1762084939000,1254,/api/subscriptions,504,false,Service unavailable,955,288,3,18,786,0,224
1762084939000,1130,/api/subscriptions,503,false,Service unavailable,1347,201,4,19,962,0,179
1762084939000,1226,/api/subscriptions,504,false,Service unavailable,476,635,5,9,635,0,148
1762084940000,1300,/api/subscriptions,504,false,Service unavailable,1381,495,6,17,851,0,135
1762084940000,1400,/api/subscriptions,503,false,Service unavailable,444,612,2,10,1018,0,205
1762084941000,1472,/api/subscriptions,503,false,Service unavailable,877,564,6,18,800,0,215
1762084941000,1195,/api/subscriptions,503,false,Service unavailable,418,468,2,13,834,0,115
1762084942000,1015,/api/subscriptions,504,false,Service unavailable,638,640,10,14,844,0,123
1762084942000,1206,/api/subscriptions,504,false,Service unavailable,688,658,3,12,1053,0,61
1762084942000,1118,/api/subscriptions,504,false,Service unavailable,707,487,4,6,742,0,67
1762084943000,1290,/api/subscriptions,504,false,Service unavailable,475,176,2,6,695,0,203
1762084943000,806,/api/subscriptions,500,false,Service unavailable,801,323,10,5,514,0,132
1762084944000,848,/api/subscriptions,504,false,Service unavailable,683,211,8,6,755,0,168
1762084945000,916,/api/subscriptions,504,false,Service unavailable,1432,639,2,5,641,0,168
1762084945000,908,/api/subscriptions,504,false,Service unavailable,928,359,5,7,748,0,87
1762084945000,982,/api/subscriptions,504,false,Service unavailable,561,171,8,11,798,0,92
1762084946000,1004,/api/subscriptions,500,false,Service unavailable,1202,328,3,16,665,0,152
1762084946000,1372,/api/subscriptions,503,false,Service unavailable,1482,548,3,5,1227,0,256
1762084947000,1011,/api/subscriptions,503,false,Service unavailable,1318,502,9,11,508,0,169
1762084947000,1328,/api/subscriptions,504,false,Service unavailable,957,587,10,10,1151,0,126
1762084948000,886,/api/subscriptions,504,false,Service unavailable,534,543,5,12,761,0,110
1762084948000,845,/api/subscriptions,503,false,Service unavailable,1414,481,5,5,460,0,166
1762084949000,1304,/api/subscriptions,504,false,Service unavailable,1352,696,6,12,886,0,155
1762084949000,1469,/api/subscriptions,504,false,Service unavailable,986,157,9,14,1229,0,266
1762084950000,124,/api/subscriptions,200,true,,854,546,7,20,79,0,12
1762084950000,409,/api/subscriptions,200,true,,465,427,6,5,341,0,56
1762084951000,188,/api/subscriptions,200,true,,481,680,4,14,94,0,24
1762084951000,332,/api/subscriptions,200,true,,1253,482,4,8,211,0,23
1762084951000,1411,/api/subscriptions,400,false,HTTP error,750,254,9,19,793,0,128
1762084952000,624,/api/subscriptions,201,true,,720,622,8,7,528,0,38
1762084952000,797,/api/subscriptions,200,true,,1138,233,1,20,431,0,102
1762084953000,193,/api/subscriptions,200,true,,408,492,7,16,127,0,11
1762084953000,780,/api/subscriptions,200,true,,932,409,5,19,444,0,92
1762084954000,110,/api/subscriptions,200,true,,1430,349,4,13,85,0,5
1762084954000,758,/api/subscriptions,200,true,,671,486,9,6,537,0,123
1762084954000,978,/api/subscriptions,404,false,HTTP error,807,336,9,6,619,0,121
1762084955000,981,/api/subscriptions,404,false,HTTP error,1001,419,3,8,658,0,151
1762084955000,124,/api/subscriptions,200,true,,1401,346,3,7,94,0,12
1762084956000,407,/api/subscriptions,200,true,,1495,376,10,11,209,0,44
1762084956000,472,/api/subscriptions,200,true,,815,447,4,20,259,0,60
1762084957000,838,/api/subscriptions,404,false,HTTP error,931,499,10,8,541,0,45
1762084957000,1102,/api/subscriptions,500,false,HTTP error,926,433,1,5,782,0,55
1762084958000,404,/api/subscriptions,200,true,,526,557,8,5,308,0,63
1762084958000,1157,/api/subscriptions,500,false,HTTP error,746,603,5,18,741,0,211
1762084959000,1108,/api/subscriptions,400,false,HTTP error,1125,644,4,12,937,0,211
1762084959000,886,/api/subscriptions,200,true,,1343,681,7,9,768,0,99
1762084959000,396,/api/subscriptions,200,true,,541,629,9,8,268,0,32
1762084960000,595,/api/subscriptions,200,true,,1397,575,6,5,486,0,114
1762084960000,1498,/api/subscriptions,404,false,HTTP error,551,608,4,10,878,0,142
1762084960000,141,/api/subscriptions,201,true,,1023,616,7,7,81,0,14
1762084961000,297,/api/subscriptions,200,true,,743,494,3,12,254,0,51
1762084962000,448,/api/subscriptions,200,true,,1190,411,9,14,270,0,31
1762084962000,395,/api/subscriptions,200,true,,1195,593,7,11,270,0,68
1762084963000,832,/api/subscriptions,200,true,,1354,511,9,19,476,0,165
1762084963000,585,/api/subscriptions,200,true,,1377,573,9,12,521,0,62
1762084964000,1036,/api/subscriptions,500,false,HTTP error,434,655,7,5,766,0,129
1762084964000,792,/api/subscriptions,200,true,,998,567,5,11,636,0,39
1762084965000,549,/api/subscriptions,200,true,,516,571,1,15,311,0,49
1762084965000,894,/api/subscriptions,200,true,,565,518,10,16,635,0,123
1762084966000,1057,/api/subscriptions,400,false,HTTP error,618,640,9,15,616,0,128
1762084967000,1315,/api/subscriptions,500,false,HTTP error,871,289,8,14,694,0,178
1762084967000,1227,/api/subscriptions,404,false,HTTP error,740,157,3,15,989,0,194
1762084967000,386,/api/subscriptions,201,true,,1076,618,7,8,231,0,69
1762084968000,393,/api/subscriptions,201,true,,1081,337,1,20,241,0,67
1762084968000,622,/api/subscriptions,200,true,,743,345,8,10,446,0,90
1762084968000,110,/api/subscriptions,200,true,,1261,369,6,17,64,0,7
1762084969000,876,/api/subscriptions,200,true,,547,597,3,10,649,0,58
1762084969000,871,/api/subscriptions,200,true,,1018,422,2,7,585,0,143
1762084969000,875,/api/subscriptions,200,true,,1230,676,10,14,559,0,55
1762084970000,676,/api/subscriptions,200,true,,543,352,2,18,596,0,116
1762084970000,231,/api/subscriptions,200,true,,551,577,10,17,122,0,40
1762084971000,871,/api/subscriptions,200,true,,701,462,9,11,548,0,68
1762084972000,1183,/api/subscriptions,400,false,HTTP error,1299,363,1,15,857,0,65
1762084972000,235,/api/subscriptions,200,true,,1128,674,9,6,204,0,37
1762084973000,147,/api/subscriptions,200,true,,1073,490,6,20,108,0,18
1762084973000,463,/api/subscriptions,200,true,,616,454,9,6,343,0,87
1762084974000,891,/api/subscriptions,200,true,,776,341,10,11,590,0,128
1762084975000,268,/api/subscriptions,200,true,,1156,572,5,14,161,0,35
1762084975000,426,/api/subscriptions,200,true,,1278,565,8,10,224,0,63
1762084975000,809,/api/subscriptions,200,true,,983,238,9,18,475,0,79
1762084976000,193,/api/subscriptions,200,true,,1397,301,5,14,123,0,34
1762084977000,1096,/api/subscriptions,400,false,HTTP error,775,611,8,17,927,0,103
1762084977000,830,/api/subscriptions,400,false,HTTP error,513,542,9,15,598,0,151
1762084978000,563,/api/subscriptions,200,true,,879,407,10,10,377,0,65
1762084978000,671,/api/subscriptions,200,true,,1354,668,9,15,455,0,50
1762084978000,918,/api/subscriptions,400,false,HTTP error,1032,274,4,7,637,0,172
1762084979000,1249,/api/subscriptions,400,false,HTTP error,523,499,5,7,962,0,169
1762084979000,235,/api/subscriptions,200,true,,401,644,7,17,177,0,14
1762084980000,188,/api/subscriptions,200,true,,1272,649,7,9,140,0,31
1762084980000,699,/api/subscriptions,200,true,,1412,450,5,19,448,0,112
1762084981000,710,/api/subscriptions,200,true,,620,199,3,5,403,0,86
1762084981000,646,/api/subscriptions,200,true,,844,323,10,9,562,0,109
1762084981000,859,/api/subscriptions,404,false,HTTP error,1355,554,6,11,477,0,142
1762084982000,1040,/api/subscriptions,400,false,HTTP error,1329,218,1,7,931,0,101
1762084983000,273,/api/subscriptions,200,true,,1016,399,8,8,137,0,16
1762084983000,985,/api/subscriptions,500,false,HTTP error,905,697,1,9,883,0,121
1762084983000,612,/api/subscriptions,200,true,,820,491,6,16,307,0,72
1762084984000,378,/api/subscriptions,200,true,,823,392,3,5,259,0,67
1762084985000,530,/api/subscriptions,201,true,,1023,660,4,17,364,0,82
1762084985000,229,/api/subscriptions,200,true,,747,233,8,6,135,0,39
1762084986000,883,/api/subscriptions,201,true,,491,213,5,13,755,0,60
1762084987000,483,/api/subscriptions,200,true,,1169,523,3,11,409,0,71
1762084988000,740,/api/subscriptions,201,true,,1082,614,5,7,550,0,115
1762084988000,747,/api/subscriptions,201,true,,635,301,9,11,417,0,65
1762084989000,502,/api/subscriptions,200,true,,1225,373,5,7,398,0,83
1762084989000,451,/api/subscriptions,200,true,,675,281,6,11,368,0,54
1762084989000,154,/api/subscriptions,200,true,,1052,216,10,10,132,0,30
1762084990000,1437,/api/subscriptions,500,false,HTTP error,1197,688,10,14,946,0,110
1762084990000,637,/api/subscriptions,200,true,,1033,407,2,10,442,0,92
1762084991000,166,/api/subscriptions,200,true,,773,408,1,7,140,0,17
1762084991000,1336,/api/subscriptions,400,false,HTTP error,739,323,9,17,687,0,99
1762084991000,888,/api/subscriptions,200,true,,492,295,9,14,763,0,85
1762084992000,102,/api/subscriptions,200,true,,1219,574,4,5,65,0,12
1762084992000,319,/api/subscriptions,200,true,,432,237,9,12,239,0,50
1762084993000,583,/api/subscriptions,201,true,,1485,395,2,12,411,0,78
1762084993000,817,/api/subscriptions,200,true,,441,635,4,14,545,0,161
1762084993000,1105,/api/subscriptions,400,false,HTTP error,797,292,9,14,777,0,142
1762084994000,227,/api/subscriptions,200,true,,890,324,10,17,156,0,15
1762084994000,483,/api/subscriptions,201,true,,932,203,8,17,311,0,91
1762084995000,196,/api/subscriptions,200,true,,1418,375,10,7,169,0,34
1762084996000,336,/api/subscriptions,200,true,,1184,500,8,6,302,0,28
1762084996000,242,/api/subscriptions,200,true,,907,465,8,9,215,0,22
1762084996000,683,/api/subscriptions,200,true,,913,331,7,7,407,0,35
1762084997000,184,/api/subscriptions,200,true,,1314,442,4,13,145,0,33
1762084997000,326,/api/subscriptions,200,true,,1496,220,9,7,285,0,27
1762084997000,841,/api/subscriptions,200,true,,941,228,10,19,437,0,160
1762084998000,1459,/api/subscriptions,400,false,HTTP error,1258,389,6,20,1144,0,164
1762084999000,797,/api/subscriptions,200,true,,739,221,7,18,530,0,91
1762084999000,142,/api/subscriptions,200,true,,557,685,10,10,80,0,14
1762084999000,361,/api/subscriptions,200,true,,488,668,5,10,269,0,18
1762085000000,890,/api/subscriptions,201,true,,1479,636,6,20,586,0,50
1762085000000,435,/api/subscriptions,200,true,,500,174,5,18,350,0,82
1762085001000,1151,/api/subscriptions,400,false,HTTP error,822,519,10,8,600,0,174
1762085002000,224,/api/subscriptions,200,true,,1108,528,1,6,150,0,26
1762085002000,353,/api/subscriptions,200,true,,1437,446,7,9,185,0,29
1762085003000,402,/api/subscriptions,200,true,,1489,302,5,15,308,0,75
1762085003000,830,/api/subscriptions,200,true,,758,219,8,5,505,0,131
1762085004000,793,/api/subscriptions,200,true,,479,520,3,19,680,0,89
1762085005000,1110,/api/subscriptions,500,false,HTTP error,1187,259,6,17,856,0,175
1762085005000,834,/api/subscriptions,200,true,,539,156,3,16,578,0,55
1762085006000,557,/api/subscriptions,200,true,,502,530,1,5,428,0,81
1762085006000,675,/api/subscriptions,200,true,,519,700,10,8,561,0,76
1762085007000,797,/api/subscriptions,200,true,,1266,539,6,7,447,0,129
1762085007000,1401,/api/subscriptions,400,false,HTTP error,603,402,7,13,835,0,158
1762085007000,1453,/api/subscriptions,500,false,HTTP error,1441,200,6,18,1001,0,285
1762085008000,401,/api/subscriptions,200,true,,1208,307,8,19,219,0,70
1762085009000,1380,/api/subscriptions,400,false,HTTP error,613,514,5,10,707,0,236
1762085010000,1135,/api/subscriptions,500,false,HTTP error,1209,464,10,20,626,0,80
1762085010000,506,/api/subscriptions,200,true,,601,254,8,14,425,0,77
1762085010000,879,/api/subscriptions,200,true,,975,288,2,15,659,0,85
1762085011000,753,/api/subscriptions,200,true,,1163,556,2,9,378,0,85
1762085011000,433,/api/subscriptions,200,true,,550,694,4,12,317,0,71
1762085012000,182,/api/subscriptions,200,true,,1265,318,5,20,160,0,15
1762085013000,824,/api/subscriptions,500,false,HTTP error,688,649,8,10,689,0,70
1762085013000,292,/api/subscriptions,200,true,,1404,281,5,20,173,0,26
1762085013000,497,/api/subscriptions,200,true,,1125,615,10,15,259,0,93
1762085014000,845,/api/subscriptions,200,true,,1384,287,5,7,716,0,128
1762085014000,400,/api/subscriptions,200,true,,810,331,5,17,250,0,47
1762085014000,1028,/api/subscriptions,400,false,HTTP error,621,238,6,13,669,0,160
1762085015000,1346,/api/subscriptions,404,false,HTTP error,768,642,9,5,982,0,224
1762085015000,1150,/api/subscriptions,400,false,HTTP error,689,565,2,5,966,0,177
1762085016000,311,/api/subscriptions,200,true,,996,232,3,17,234,0,30
1762085017000,253,/api/subscriptions,200,true,,937,630,5,17,165,0,23
1762085018000,880,/api/subscriptions,200,true,,1459,483,4,14,486,0,90
1762085018000,267,/api/subscriptions,200,true,,754,244,6,11,139,0,43
1762085019000,200,/api/subscriptions,201,true,,1423,639,5,11,159,0,27
1762085020000,270,/api/subscriptions,200,true,,413,166,9,11,137,0,38
1762085020000,810,/api/subscriptions,200,true,,1255,300,10,8,647,0,66
1762085021000,343,/api/subscriptions,200,true,,1042,538,1,6,215,0,25
1762085021000,339,/api/subscriptions,200,true,,1328,254,9,18,206,0,27
1762085021000,1429,/api/subscriptions,400,false,HTTP error,882,283,8,9,1042,0,203
1762085022000,443,/api/subscriptions,200,true,,1475,387,8,11,321,0,72
1762085022000,990,/api/subscriptions,500,false,HTTP error,1067,529,10,7,570,0,185
1762085022000,456,/api/subscriptions,200,true,,1315,580,6,12,366,0,70
1762085023000,634,/api/subscriptions,200,true,,865,273,10,14,385,0,34
1762085024000,179,/api/subscriptions,200,true,,808,583,9,16,116,0,27
1762085024000,1342,/api/subscriptions,500,false,HTTP error,580,488,7,7,909,0,106
1762085025000,994,/api/subscriptions,400,false,HTTP error,973,172,3,20,877,0,74
1762085025000,1239,/api/subscriptions,400,false,HTTP error,1328,438,1,14,1068,0,186
1762085026000,404,/api/subscriptions,200,true,,1149,472,5,13,267,0,72
1762085026000,346,/api/subscriptions,201,true,,773,237,9,20,255,0,55
1762085026000,399,/api/subscriptions,200,true,,1038,536,9,5,216,0,59
1762085027000,1002,/api/subscriptions,500,false,HTTP error,920,457,3,16,846,0,114
1762085027000,656,/api/subscriptions,201,true,,434,322,1,9,458,0,129
1762085027000,316,/api/subscriptions,200,true,,592,198,5,16,257,0,49
1762085028000,487,/api/subscriptions,200,true,,495,609,1,18,310,0,70
1762085029000,595,/api/subscriptions,201,true,,639,697,5,13,447,0,96
1762085029000,435,/api/subscriptions,200,true,,892,470,6,18,282,0,56
1762085029000,865,/api/subscriptions,200,true,,1363,508,6,10,647,0,72
1762085030000,819,/api/subscriptions,400,false,HTTP error,985,519,2,13,710,0,103
1762085030000,389,/api/subscriptions,200,true,,474,180,7,20,348,0,24
1762085030000,494,/api/subscriptions,200,true,,690,234,10,7,407,0,75
1762085031000,757,/api/subscriptions,200,true,,420,158,4,20,608,0,50
1762085032000,342,/api/subscriptions,200,true,,429,541,9,16,209,0,22
1762085032000,136,/api/subscriptions,200,true,,1104,397,6,8,75,0,12
1762085033000,908,/api/subscriptions,400,false,HTTP error,1448,688,9,6,648,0,57
1762085034000,581,/api/subscriptions,201,true,,1241,603,6,18,408,0,45
1762085034000,794,/api/subscriptions,200,true,,618,606,1,9,516,0,110
1762085034000,211,/api/subscriptions,200,true,,1311,264,10,17,142,0,12
1762085035000,655,/api/subscriptions,200,true,,1191,285,10,5,492,0,68
1762085035000,474,/api/subscriptions,200,true,,709,401,3,14,395,0,31
1762085035000,117,/api/subscriptions,200,true,,1127,504,8,5,64,0,7
1762085036000,881,/api/subscriptions,200,true,,1336,654,6,7,448,0,48
1762085037000,100,/api/subscriptions,200,true,,1490,570,3,12,53,0,7
1762085037000,344,/api/subscriptions,200,true,,839,202,9,13,308,0,17
1762085038000,865,/api/subscriptions,200,true,,1419,329,8,15,487,0,81
1762085038000,861,/api/subscriptions,200,true,,531,361,8,15,733,0,62
1762085038000,193,/api/subscriptions,200,true,,1032,204,1,14,129,0,32
1762085039000,491,/api/subscriptions,200,true,,644,219,10,18,293,0,47
1762085039000,236,/api/subscriptions,201,true,,1266,564,8,10,151,0,40
1762085040000,743,/api/subscriptions,200,true,,613,552,10,6,457,0,140
1762085040000,182,/api/subscriptions,200,true,,861,485,1,14,136,0,16
1762085040000,432,/api/subscriptions,200,true,,1160,261,6,7,272,0,79
1762085041000,467,/api/subscriptions,200,true,,594,588,7,8,243,0,81
1762085041000,292,/api/subscriptions,200,true,,939,468,7,5,242,0,56
1762085041000,549,/api/subscriptions,200,true,,905,655,6,12,340,0,52
1762085042000,1198,/api/subscriptions,400,false,HTTP error,516,153,4,13,1017,0,103
1762085042000,638,/api/subscriptions,200,true,,1321,386,10,16,353,0,72
1762085042000,134,/api/subscriptions,200,true,,1250,270,1,14,72,0,10
1762085043000,677,/api/subscriptions,200,true,,537,440,4,8,531,0,105
1762085043000,505,/api/subscriptions,200,true,,1280,348,8,15,303,0,52
1762085044000,717,/api/subscriptions,200,true,,890,439,10,7,488,0,73
1762085045000,1474,/api/subscriptions,400,false,HTTP error,535,195,4,16,999,0,245
1762085046000,385,/api/subscriptions,200,true,,455,693,3,6,258,0,30
1762085046000,706,/api/subscriptions,200,true,,1292,359,9,11,370,0,101
1762085046000,674,/api/subscriptions,200,true,,1120,457,10,13,464,0,69
1762085047000,260,/api/subscriptions,200,true,,1337,596,2,20,138,0,43
1762085047000,457,/api/subscriptions,200,true,,864,408,8,17,345,0,79
1762085048000,552,/api/subscriptions,200,true,,906,435,1,13,311,0,85
1762085049000,957,/api/subscriptions,400,false,HTTP error,757,561,8,17,677,0,148
1762085050000,819,/api/subscriptions,200,true,,1033,420,5,12,481,0,162
1762085050000,622,/api/subscriptions,200,true,,767,572,6,6,404,0,32
1762085051000,340,/api/subscriptions,200,true,,1410,453,5,12,250,0,29
1762085051000,849,/api/subscriptions,200,true,,777,307,3,15,685,0,114
1762085052000,162,/api/subscriptions,200,true,,1030,356,10,12,87,0,8
1762085053000,321,/api/subscriptions,200,true,,691,272,8,12,284,0,59
1762085053000,111,/api/subscriptions,200,true,,1018,257,5,10,57,0,11
1762085054000,1130,/api/subscriptions,400,false,HTTP error,1264,306,3,9,740,0,190
1762085055000,791,/api/subscriptions,201,true,,937,332,2,8,545,0,101
1762085055000,1064,/api/subscriptions,400,false,HTTP error,1153,238,10,8,602,0,187
1762085055000,1345,/api/subscriptions,404,false,HTTP error,740,237,6,11,685,0,186
1762085056000,166,/api/subscriptions,200,true,,1052,474,6,20,131,0,16
1762085057000,490,/api/subscriptions,200,true,,1167,351,9,10,392,0,59
1762085057000,452,/api/subscriptions,200,true,,851,604,5,16,393,0,25
1762085058000,404,/api/subscriptions,200,true,,1494,588,2,6,211,0,26
1762085059000,187,/api/subscriptions,200,true,,681,658,8,16,103,0,21
1762085059000,212,/api/subscriptions,200,true,,1255,585,6,19,190,0,22
1762085060000,974,/api/subscriptions,400,false,HTTP error,1450,500,7,20,812,0,121
1762085060000,230,/api/subscriptions,200,true,,757,455,6,8,188,0,26
1762085061000,951,/api/subscriptions,400,false,HTTP error,966,468,9,13,811,0,156
1762085061000,598,/api/subscriptions,200,true,,1289,398,7,10,513,0,61
1762085062000,691,/api/subscriptions,201,true,,1267,658,3,18,621,0,124
1762085062000,1284,/api/subscriptions,404,false,HTTP error,1007,206,8,20,642,0,204
1762085062000,844,/api/subscriptions,400,false,HTTP error,1364,467,5,18,585,0,81
1762085063000,694,/api/subscriptions,201,true,,1383,442,9,20,377,0,136
1762085064000,524,/api/subscriptions,200,true,,786,487,1,5,445,0,51
1762085064000,308,/api/subscriptions,200,true,,1245,410,8,10,201,0,41
1762085065000,176,/api/subscriptions,200,true,,429,588,6,16,108,0,23
1762085065000,225,/api/subscriptions,200,true,,410,198,6,12,169,0,34
1762085066000,366,/api/subscriptions,200,true,,1454,429,1,9,207,0,47
1762085066000,802,/api/subscriptions,404,false,HTTP error,1161,396,10,6,526,0,150
1762085067000,499,/api/subscriptions,200,true,,1207,178,4,14,364,0,70
1762085067000,533,/api/subscriptions,200,true,,1048,322,1,18,351,0,100
1762085068000,656,/api/subscriptions,200,true,,1386,252,5,9,379,0,67
1762085068000,882,/api/subscriptions,200,true,,1323,303,7,18,674,0,118
1762085069000,347,/api/subscriptions,200,true,,594,671,6,20,277,0,29
1762085069000,148,/api/subscriptions,201,true,,1203,394,5,6,99,0,11
1762085069000,1179,/api/subscriptions,404,false,HTTP error,936,697,7,6,809,0,179
1762085070000,849,/api/subscriptions,200,true,,834,524,9,18,549,0,147
1762085070000,338,/api/subscriptions,200,true,,1497,430,10,14,170,0,26
1762085071000,283,/api/subscriptions,200,true,,1405,613,2,18,160,0,41
1762085072000,794,/api/subscriptions,200,true,,628,648,1,9,412,0,41
1762085072000,618,/api/subscriptions,200,true,,627,596,5,18,441,0,96
1762085073000,887,/api/subscriptions,200,true,,1420,327,1,7,618,0,73
1762085073000,842,/api/subscriptions,201,true,,636,460,4,9,474,0,44
1762085074000,809,/api/subscriptions,404,false,HTTP error,725,404,9,18,715,0,78
1762085074000,1011,/api/subscriptions,400,false,HTTP error,602,269,3,5,604,0,147
1762085074000,471,/api/subscriptions,200,true,,1386,313,1,16,326,0,45
1762085075000,633,/api/subscriptions,201,true,,414,270,8,5,547,0,122
1762085075000,1351,/api/subscriptions,400,false,HTTP error,561,553,3,14,854,0,198
1762085076000,219,/api/subscriptions,200,true,,853,175,9,20,181,0,11
1762085077000,136,/api/subscriptions,200,true,,807,248,5,6,113,0,11
1762085077000,420,/api/subscriptions,200,true,,1138,272,3,7,242,0,65
1762085078000,664,/api/subscriptions,200,true,,545,540,2,14,501,0,67
1762085078000,296,/api/subscriptions,200,true,,530,519,2,13,246,0,20
1762085078000,428,/api/subscriptions,200,true,,977,640,3,7,262,0,82
1762085079000,743,/api/subscriptions,200,true,,1264,435,9,18,596,0,63
1762085079000,774,/api/subscriptions,200,true,,1062,289,4,12,640,0,101
1762085080000,885,/api/subscriptions,200,true,,589,567,8,8,585,0,68
1762085080000,565,/api/subscriptions,200,true,,855,450,4,15,449,0,106
1762085081000,226,/api/subscriptions,200,true,,823,698,1,16,176,0,20
1762085081000,197,/api/subscriptions,201,true,,1493,449,3,19,138,0,19
1762085082000,780,/api/subscriptions,200,true,,1437,175,6,14,668,0,39
1762085082000,645,/api/subscriptions,201,true,,1101,397,1,5,479,0,113
1762085082000,803,/api/subscriptions,400,false,HTTP error,581,653,8,12,428,0,94
1762085083000,858,/api/subscriptions,200,true,,1225,407,1,9,495,0,143
1762085084000,113,/api/subscriptions,200,true,,791,533,8,18,78,0,19
1762085084000,711,/api/subscriptions,200,true,,502,613,6,18,509,0,112
1762085085000,619,/api/subscriptions,200,true,,793,493,3,6,376,0,112
1762085085000,164,/api/subscriptions,200,true,,1048,162,5,10,104,0,22
1762085085000,1230,/api/subscriptions,404,false,HTTP error,970,450,6,16,748,0,173
1762085086000,818,/api/subscriptions,200,true,,726,634,7,11,725,0,102
1762085086000,502,/api/subscriptions,200,true,,457,245,3,14,311,0,37
1762085087000,382,/api/subscriptions,200,true,,1343,474,10,9,237,0,53
1762085088000,1020,/api/subscriptions,404,false,HTTP error,1306,619,3,16,911,0,141
1762085088000,292,/api/subscriptions,200,true,,740,662,5,6,173,0,45
1762085089000,1499,/api/subscriptions,400,false,HTTP error,970,254,10,17,898,0,117
1762085089000,674,/api/subscriptions,200,true,,993,255,3,11,497,0,56
1762085089000,296,/api/subscriptions,200,true,,628,469,5,20,239,0,25
1762085090000,581,/api/subscriptions,200,true,,901,527,10,8,452,0,93
1762085091000,1220,/api/subscriptions,400,false,HTTP error,1309,467,8,20,969,0,212
1762085091000,776,/api/subscriptions,200,true,,516,534,6,18,497,0,57
1762085092000,154,/api/subscriptions,200,true,,443,594,9,6,97,0,21
1762085092000,717,/api/subscriptions,200,true,,1121,594,2,10,377,0,91
1762085093000,894,/api/subscriptions,200,true,,827,229,3,10,465,0,148
1762085093000,1442,/api/subscriptions,400,false,HTTP error,677,541,8,17,1123,0,74
1762085094000,396,/api/subscriptions,200,true,,438,487,7,20,259,0,40
1762085094000,808,/api/subscriptions,201,true,,409,398,8,20,603,0,64
1762085095000,837,/api/subscriptions,200,true,,552,178,8,13,486,0,113
1762085095000,1497,/api/subscriptions,400,false,HTTP error,925,209,10,8,1043,0,206
1762085095000,780,/api/subscriptions,200,true,,499,638,3,12,410,0,97
1762085096000,1344,/api/subscriptions,404,false,HTTP error,1436,201,2,6,773,0,178
1762085096000,873,/api/subscriptions,200,true,,1041,481,9,13,578,0,52
1762085096000,384,/api/subscriptions,200,true,,826,413,9,20,269,0,20
1762085097000,623,/api/subscriptions,200,true,,895,519,9,7,421,0,111
1762085097000,607,/api/subscriptions,201,true,,962,498,7,6,536,0,118
1762085098000,486,/api/subscriptions,200,true,,1469,594,5,8,431,0,72
1762085098000,773,/api/subscriptions,200,true,,939,664,10,5,419,0,121
1762085099000,305,/api/subscriptions,200,true,,1070,650,3,20,252,0,20
